age,population_absolute,population_percent
18-30ys,12709507,0.183519643
31-43ys,13190233,0.190461114
44-56ys,16559912,0.239117784
57-69ys,13796536,0.19921586
70+,12998017,0.1876856