sex,population_absolute,population_percent
male,33875273,0.489143915521086
female,35378932,0.510856084478914